M,a,h,m,o,u,d, ,A,b,d,u,l,-,R,a,u,f
P,G
S,h,a,r,e,e,f, ,A,b,d,u,r,-,R,a,h,i,m
F
R,a,f,a,e,l, ,A,d,d,i,s,o,n
S,F
C,o,r,y, ,A,l,e,x,a,n,d,e,r
G
J,e,r,o,m,e, ,A,l,l,e,n
G
R,a,y, ,A,l,l,e,n
S,G
D,e,r,r,i,c,k, ,A,l,s,t,o,n
F,C
A,n,d,r,e,w, ,A,m,a,y,a
F
C,a,d,i,l,l,a,c, ,A,n,d,e,r,s,o,n
P,F
K,e,n,n,y, ,A,n,d,e,r,s,o,n
P,G
N,i,c,k, ,A,n,d,e,r,s,o,n
G,F
S,h,a,n,d,o,n, ,A,n,d,e,r,s,o,n
G,F
W,i,l,l,i,e, ,A,n,d,e,r,s,o,n
S,F
G,r,e,g, ,A,n,t,h,o,n,y
P,G
B,.,J,., ,A,r,m,s,t,r,o,n,g
G
D,a,r,r,e,l,l, ,A,r,m,s,t,r,o,n,g
P,G
V,i,n,c,e,n,t, ,A,s,k,e,w
G,F
K,e,i,t,h, ,A,s,k,i,n,s
F
S,t,a,c,e,y, ,A,u,g,m,o,n
S,F
I,k,e, ,A,u,s,t,i,n
C
V,i,n, ,B,a,k,e,r
P,F
C,h,a,r,l,e,s, ,B,a,r,k,l,e,y
P,F
D,a,n,a, ,B,a,r,r,o,s
P,G
B,r,e,n,t, ,B,a,r,r,y
G
J,o,n, ,B,a,r,r,y
S,G
B,e,n,o,i,t, ,B,e,n,j,a,m,i,n
C
E,l,m,e,r, ,B,e,n,n,e,t,t
P,G
T,r,a,v,i,s, ,B,e,s,t
P,G
M,o,o,k,i,e, ,B,l,a,y,l,o,c,k
P,G
C,o,r,i,e, ,B,l,o,u,n,t
P,F
M,u,g,g,s,y, ,B,o,g,u,e,s
P,G
D,e,x,t,e,r, ,B,o,n,e,y
S,G
M,e,l,v,i,n, ,B,o,o,k,e,r
G
B,r,u,c,e, ,B,o,w,e,n
F
D,o,n,n,i,e, ,B,o,y,c,e
S,F
S,h,a,w,n, ,B,r,a,d,l,e,y
C
M,a,r,k, ,B,r,a,d,t,k,e
C
T,e,r,r,e,l,l, ,B,r,a,n,d,o,n
P,G
F,r,a,n,k, ,B,r,i,c,k,o,w,s,k,i
P,F
S,c,o,t,t, ,B,r,o,o,k,s
P,G
C,h,u,c,k,y, ,B,r,o,w,n
S,F
D,e,e, ,B,r,o,w,n
P,G
M,a,r,c,u,s, ,B,r,o,w,n
G
M,i,k,e, ,B,r,o,w,n
P,F
P,.,J,., ,B,r,o,w,n
C
R,a,n,d,y, ,B,r,o,w,n
P,G
K,o,b,e, ,B,r,y,a,n,t
S,G
M,a,r,k, ,B,r,y,a,n,t
P,F
J,u,d, ,B,u,e,c,h,l,e,r
S,F
M,a,t,t, ,B,u,l,l,a,r,d
P,F
S,c,o,t,t, ,B,u,r,r,e,l,l
G,-,F
W,i,l,l,i,e, ,B,u,r,t,o,n
G
M,i,t,c,h,e,l,l, ,B,u,t,l,e,r
S,G
J,a,s,o,n, ,C,a,f,f,e,y
P,F
M,i,c,h,a,e,l, ,C,a,g,e
P,F
A,d,r,i,a,n, ,C,a,l,d,w,e,l,l
P,F
M,a,r,c,u,s, ,C,a,m,b,y
C
E,l,d,e,n, ,C,a,m,p,b,e,l,l
F,C
A,n,t,o,i,n,e, ,C,a,r,r
P,F
C,h,r,i,s, ,C,a,r,r
G
J,i,m,m,y, ,C,a,r,r,u,t,h
F,C
S,a,m, ,C,a,s,s,e,l,l
G
D,u,a,n,e, ,C,a,u,s,w,e,l,l
C
C,e,d,r,i,c, ,C,e,b,a,l,l,o,s
S,F
T,o,m, ,C,h,a,m,b,e,r,s
P,F
R,e,x, ,C,h,a,p,m,a,n
S,G
C,a,l,b,e,r,t, ,C,h,e,a,n,e,y
G,F
P,e,t,e, ,C,h,i,l,c,u,t,t
F
R,a,n,d,o,l,p,h, ,C,h,i,l,d,r,e,s,s
S,G
C,h,r,i,s, ,C,h,i,l,d,s
S,G
D,o,u,g, ,C,h,r,i,s,t,i,e
S,G
D,e,r,r,i,c,k, ,C,o,l,e,m,a,n
F,C
B,i,m,b,o, ,C,o,l,e,s
S,G
M,a,r,t,y, ,C,o,n,l,o,n
F,-,C
T,y,r,o,n,e, ,C,o,r,b,i,n
F
J,o,e, ,C,o,u,r,t,n,e,y
P,F
J,o,h,n, ,C,r,o,t,t,y
P,G
T,e,r,r,y, ,C,u,m,m,i,n,g,s
P,F
E,a,r,l, ,C,u,r,e,t,o,n
P,F
D,e,l,l, ,C,u,r,r,y
S,G
M,i,c,h,a,e,l, ,C,u,r,r,y
F,-,G
E,r,i,c,k, ,D,a,m,p,i,e,r
C
L,l,o,y,d, ,D,a,n,i,e,l,s
S,F
S,a,s,h,a, ,D,a,n,i,l,o,v,i,c
S,F
Y,i,n,k,a, ,D,a,r,e
C
A,n,t,o,n,i,o, ,D,a,v,i,s
F,C
B,e,n, ,D,a,v,i,s
F,C
D,a,l,e, ,D,a,v,i,s
C,-,F
E,m,a,n,u,a,l, ,D,a,v,i,s
S,G
H,u,b,e,r,t, ,D,a,v,i,s
S,F
M,a,r,k, ,D,a,v,i,s
G,-,F
T,o,d,d, ,D,a,y
G,F
A,n,d,r,e,w, ,D,e,C,l,e,r,c,q
C
T,e,r,r,y, ,D,e,h,e,r,e
S,G
V,i,n,n,y, ,D,e,l, ,N,e,g,r,o
S,G
B,i,s,o,n, ,D,e,l,e
C
T,o,n,y, ,D,e,l,k
G
D,e,l,l, ,D,e,m,p,s
G
V,l,a,d,e, ,D,i,v,a,c
C
S,a,s,a, ,D,j,o,r,d,j,e,v,i,c
S,G
S,h,e,r,m,a,n, ,D,o,u,g,l,a,s
P,G
G,r,e,g, ,D,r,e,i,l,i,n,g
C
C,l,y,d,e, ,D,r,e,x,l,e,r
S,G
N,a,t,e, ,D,r,i,g,g,e,r,s
S,F
K,e,v,i,n, ,D,u,c,k,w,o,r,t,h
C
C,h,r,i,s, ,D,u,d,l,e,y
C
J,o,e, ,D,u,m,a,r,s
S,G
T,o,n,y, ,D,u,m,a,s
F
A,c,i,e, ,E,a,r,l
P,F
T,y,u,s, ,E,d,n,e,y
P,G
B,l,u,e, ,E,d,w,a,r,d,s
S,G
K,e,v,i,n, ,E,d,w,a,r,d,s
P,G
C,r,a,i,g, ,E,h,l,o
S,G
H,o,w,a,r,d, ,E,i,s,l,e,y
G
M,a,r,i,o, ,E,l,i,e
S,G
S,e,a,n, ,E,l,l,i,o,t,t
S,F
D,a,l,e, ,E,l,l,i,s
G,F
L,a,P,h,o,n,s,o, ,E,l,l,i,s
P,F
P,e,r,v,i,s, ,E,l,l,i,s,o,n
C
B,r,i,a,n, ,E,v,a,n,s
F
P,a,t,r,i,c,k, ,E,w,i,n,g
C
J,a,m,i,e, ,F,e,i,c,k
F
D,u,a,n,e, ,F,e,r,r,e,l,l
F
D,a,n,n,y, ,F,e,r,r,y
P,F
M,i,c,h,a,e,l, ,F,i,n,l,e,y
G,-,F
M,a,t,t, ,F,i,s,h
P,F
D,e,r,e,k, ,F,i,s,h,e,r
G
G,r,e,g, ,F,o,s,t,e,r
C
R,i,c,k, ,F,o,x
S,F
T,o,d,d, ,F,u,l,l,e,r
C
K,e,v,i,n, ,G,a,m,b,l,e
S,F
K,e,v,i,n, ,G,a,r,n,e,t,t
P,F
D,e,a,n, ,G,a,r,r,e,t,t
C
C,h,r,i,s, ,G,a,t,l,i,n,g
P,F
R,e,g,g,i,e, ,G,e,a,r,y
S,G
M,a,t,t, ,G,e,i,g,e,r
C
K,e,n,d,a,l,l, ,G,i,l,l
S,G
A,r,m,e,n, ,G,i,l,l,i,a,m
P,F
A,n,t,h,o,n,y, ,G,o,l,d,w,i,r,e
G
G,r,e,g, ,G,r,a,h,a,m
G
B,r,i,a,n, ,G,r,a,n,t
P,F
G,a,r,y, ,G,r,a,n,t
G
H,a,r,v,e,y, ,G,r,a,n,t
F
H,o,r,a,c,e, ,G,r,a,n,t
P,F
D,e,v,i,n, ,G,r,a,y
F
E,v,r,i,c, ,G,r,a,y
F
J,e,f,f, ,G,r,a,y,e,r
G,F
A,.,C,., ,G,r,e,e,n
P,F
L,i,t,t,e,r,i,a,l, ,G,r,e,e,n
G
T,o,m, ,G,u,g,l,i,o,t,t,a
P,F
J,a,c,k, ,H,a,l,e,y
F,C
D,a,r,v,i,n, ,H,a,m
F,-,G
S,t,e,v,e, ,H,a,m,e,r
C
T,o,m, ,H,a,m,m,o,n,d,s
P,F
D,a,r,r,i,n, ,H,a,n,c,o,c,k
F
P,e,n,n,y, ,H,a,r,d,a,w,a,y
P,G
T,i,m, ,H,a,r,d,a,w,a,y
P,G
D,e,r,e,k, ,H,a,r,p,e,r
P,G
R,o,n, ,H,a,r,p,e,r
S,G
O,t,h,e,l,l,a, ,H,a,r,r,i,n,g,t,o,n
F,-,C
L,u,c,i,o,u,s, ,H,a,r,r,i,s
S,G
A,n,t,o,n,i,o, ,H,a,r,v,e,y
C
H,e,r,s,e,y, ,H,a,w,k,i,n,s
S,G
M,i,c,h,a,e,l, ,H,a,w,k,i,n,s
G
S,h,a,n,e, ,H,e,a,l
G
A,l,a,n, ,H,e,n,d,e,r,s,o,n
F,-,C
M,a,r,k, ,H,e,n,d,r,i,c,k,s,o,n
F
C,a,r,l, ,H,e,r,r,e,r,a
F
G,r,a,n,t, ,H,i,l,l
S,F
T,y,r,o,n,e, ,H,i,l,l
P,F
F,r,e,d, ,H,o,i,b,e,r,g
G
J,e,f,f, ,H,o,r,n,a,c,e,k
S,G
R,o,b,e,r,t, ,H,o,r,r,y
P,F
A,l,l,a,n, ,H,o,u,s,t,o,n
G
J,u,w,a,n, ,H,o,w,a,r,d
P,F
S,t,e,p,h,e,n, ,H,o,w,a,r,d
P,F
L,i,n,d,s,e,y, ,H,u,n,t,e,r
G
B,o,b,b,y, ,H,u,r,l,e,y
G
A,l,l,e,n, ,I,v,e,r,s,o,n
G
J,a,r,e,n, ,J,a,c,k,s,o,n
S,G
J,i,m, ,J,a,c,k,s,o,n
S,G
M,a,r,k, ,J,a,c,k,s,o,n
P,G
H,e,n,r,y, ,J,a,m,e,s
P,F
C,h,r,i,s, ,J,e,n,t
F
A,v,e,r,y, ,J,o,h,n,s,o,n
P,G
E,d,d,i,e, ,J,o,h,n,s,o,n
S,F
E,r,v,i,n, ,J,o,h,n,s,o,n
C
K,e,v,i,n, ,J,o,h,n,s,o,n
P,G
L,a,r,r,y, ,J,o,h,n,s,o,n
F
C,h,a,r,l,e,s, ,A,., ,J,o,n,e,s
F,C
E,d,d,i,e, ,J,o,n,e,s
G,-,F
P,o,p,e,y,e, ,J,o,n,e,s
P,F
M,i,c,h,a,e,l, ,J,o,r,d,a,n
S,G
R,e,g,g,i,e, ,J,o,r,d,a,n
G
A,d,a,m, ,K,e,e,f,e
F
S,h,a,w,n, ,K,e,m,p
C
T,i,m, ,K,e,m,p,t,o,n
F,C
S,t,e,v,e, ,K,e,r,r
S,G
J,e,r,o,m,e, ,K,e,r,s,e,y
P,F
J,a,s,o,n, ,K,i,d,d
P,G
F,r,a,n,k,i,e, ,K,i,n,g
G
J,i,m,m,y, ,K,i,n,g
G,F
S,t,a,c,e,y, ,K,i,n,g
P,F
K,e,r,r,y, ,K,i,t,t,l,e,s
G
J,o,e, ,K,l,e,i,n,e
C
T,r,a,v,i,s, ,K,n,i,g,h,t
C
L,a,r,r,y, ,K,r,y,s,t,k,o,w,i,a,k
P,F
T,o,n,i, ,K,u,k,o,c
S,F
C,h,r,i,s,t,i,a,n, ,L,a,e,t,t,n,e,r
P,F
A,n,d,r,e,w, ,L,a,n,g
C
A,n,t,o,n,i,o, ,L,a,n,g
G,-,F
P,r,i,e,s,t, ,L,a,u,d,e,r,d,a,l,e
C
E,r,i,c, ,L,e,c,k,n,e,r
F,C
T,i,m, ,L,e,g,l,e,r
G
V,o,s,h,o,n, ,L,e,n,a,r,d
S,G
M,a,r,t,i,n, ,L,e,w,i,s
F
A,l,t,o,n, ,L,i,s,t,e,r
F,C
R,a,n,d,y, ,L,i,v,i,n,g,s,t,o,n
G,F
H,o,r,a,c,i,o, ,L,l,a,m,a,s
C
B,r,a,d, ,L,o,h,a,u,s
F,C
G,r,a,n,t, ,L,o,n,g
P,F
J,o,h,n, ,L,o,n,g
G,F
L,u,c, ,L,o,n,g,l,e,y
C
G,e,o,r,g,e, ,L,y,n,c,h
S,F
D,o,n, ,M,a,c,L,e,a,n
P,F
S,a,m, ,M,a,c,k
S,F
R,i,c,k, ,M,a,h,o,r,n
C
D,a,n, ,M,a,j,e,r,l,e
S,G
K,a,r,l, ,M,a,l,o,n,e
P,F
M,a,t,t, ,M,a,l,o,n,e,y
P,F
D,a,n,n,y, ,M,a,n,n,i,n,g
F
R,i,c,h, ,M,a,n,n,i,n,g
C
S,t,e,p,h,o,n, ,M,a,r,b,u,r,y
G
S,a,r,u,n,a,s, ,M,a,r,c,i,u,l,i,o,n,i,s
G,F
D,o,n,n,y, ,M,a,r,s,h,a,l,l
S,F
D,o,n,y,e,l,l, ,M,a,r,s,h,a,l,l
F
C,u,o,n,z,o, ,M,a,r,t,i,n
G,-,F
D,a,r,r,i,c,k, ,M,a,r,t,i,n
G
J,a,m,a,l, ,M,a,s,h,b,u,r,n
S,F
A,n,t,h,o,n,y, ,M,a,s,o,n
P,F
T,o,n,y, ,M,a,s,s,e,n,b,u,r,g
P,F
V,e,r,n,o,n, ,M,a,x,w,e,l,l
G
L,e,e, ,M,a,y,b,e,r,r,y
G
W,a,l,t,e,r, ,M,c,C,a,r,t,y
F
A,m,a,l, ,M,c,C,a,s,k,i,l,l
C
G,e,o,r,g,e, ,M,c,C,l,o,u,d
S,F
X,a,v,i,e,r, ,M,c,D,a,n,i,e,l
P,F
A,n,t,o,n,i,o, ,M,c,D,y,e,s,s
F
J,i,m, ,M,c,I,l,v,a,i,n,e
C
J,e,f,f, ,M,c,I,n,n,i,s
G
D,e,r,r,i,c,k, ,M,c,K,e,y
S,F
A,a,r,o,n, ,M,c,K,i,e
G
N,a,t,e, ,M,c,M,i,l,l,a,n
G,F
L,o,r,e,n, ,M,e,y,e,r
F,-,C
O,l,i,v,e,r, ,M,i,l,l,e,r
C
P,i,g, ,M,i,l,l,e,r
F
R,e,g,g,i,e, ,M,i,l,l,e,r
S,G
C,h,r,i,s, ,M,i,l,l,s
S,F
T,e,r,r,y, ,M,i,l,l,s
P,F
G,r,e,g, ,M,i,n,o,r
F
S,a,m, ,M,i,t,c,h,e,l,l
S,F
E,r,i,c, ,M,o,b,l,e,y
F,-,C
E,r,i,c, ,M,o,n,t,r,o,s,s
C
T,r,a,c,y, ,M,o,o,r,e
S,G
C,h,r,i,s, ,M,o,r,r,i,s
S,F
L,a,w,r,e,n,c,e, ,M,o,t,e,n
G
A,l,o,n,z,o, ,M,o,u,r,n,i,n,g
C
C,h,r,i,s, ,M,u,l,l,i,n
S,F
E,r,i,c, ,M,u,r,d,o,c,k
G
G,e,o,r,g,e, ,M,u,r,e,s,a,n
C
L,a,m,o,n,d, ,M,u,r,r,a,y
S,F
T,r,a,c,y, ,M,u,r,r,a,y
F
D,i,k,e,m,b,e, ,M,u,t,o,m,b,o
C
M,a,r,t,i,n, ,M,u,u,r,s,e,p,p
F,-,C
S,t,e,v,e, ,N,a,s,h
G
R,u,b,e,n, ,N,e,m,b,h,a,r,d
S,G
I,v,a,n,o, ,N,e,w,b,i,l,l
F
J,o,h,n,n,y, ,N,e,w,m,a,n
S,F
G,a,y,l,o,n, ,N,i,c,k,e,r,s,o,n
G
K,e,n, ,N,o,r,m,a,n
F
M,o,o,c,h,i,e, ,N,o,r,r,i,s
G
E,d, ,O,',B,a,n,n,o,n
F
J,e,r,m,a,i,n,e, ,O,',N,e,a,l
F,C
S,h,a,q,u,i,l,l,e, ,O,',N,e,a,l
C
C,h,a,r,l,e,s, ,O,a,k,l,e,y
P,F
H,a,k,e,e,m, ,O,l,a,j,u,w,o,n
C
J,i,m,m,y, ,O,l,i,v,e,r
F
G,r,e,g, ,O,s,t,e,r,t,a,g
C
B,o, ,O,u,t,l,a,w
F
D,o,u,g, ,O,v,e,r,t,o,n
S,G
B,i,l,l,y, ,O,w,e,n,s
S,F
R,a,y, ,O,w,e,s
P,F
R,o,b,e,r,t, ,P,a,c,k
S,G
R,o,b,e,r,t, ,P,a,r,i,s,h
C
C,h,e,r,o,k,e,e, ,P,a,r,k,s
C
G,a,r,y, ,P,a,y,t,o,n
G
A,n,t,h,o,n,y, ,P,e,e,l,e,r
G
W,i,l,l, ,P,e,r,d,u,e
C
S,a,m, ,P,e,r,k,i,n,s
P,F
E,l,l,i,o,t, ,P,e,r,r,y
P,G
W,e,s,l,e,y, ,P,e,r,s,o,n
S,G
B,o,b,b,y, ,P,h,i,l,l,s
S,G
E,r,i,c, ,P,i,a,t,k,o,w,s,k,i
G,-,F
R,i,c,k,y, ,P,i,e,r,c,e
S,G
E,d, ,P,i,n,c,k,n,e,y
F
S,c,o,t,t,i,e, ,P,i,p,p,e,n
S,F
O,l,d,e,n, ,P,o,l,y,n,i,c,e
C
T,e,r,r,y, ,P,o,r,t,e,r
P,G
V,i,t,a,l,y, ,P,o,t,a,p,e,n,k,o
C,-,F
B,r,e,n,t, ,P,r,i,c,e
P,G
M,a,r,k, ,P,r,i,c,e
P,G
D,i,n,o, ,R,a,d,j,a
P,F
T,h,e,o, ,R,a,t,l,i,f,f
C
E,l,d,r,i,d,g,e, ,R,e,c,a,s,n,e,r
S,G
B,r,y,a,n,t, ,R,e,e,v,e,s
C
K,h,a,l,i,d, ,R,e,e,v,e,s
G
D,o,n, ,R,e,i,d
P,F
S,h,a,w,n, ,R,e,s,p,e,r,t
G
G,l,e,n, ,R,i,c,e
S,F
P,o,o,h, ,R,i,c,h,a,r,d,s,o,n
P,G
M,i,t,c,h, ,R,i,c,h,m,o,n,d
S,G
J,.,R,., ,R,i,d,e,r
S,G
F,r,e,d, ,R,o,b,e,r,t,s
F,C
S,t,a,n,l,e,y, ,R,o,b,e,r,t,s
C
C,h,r,i,s, ,R,o,b,i,n,s,o,n
G
C,l,i,f,f, ,R,o,b,i,n,s,o,n
P,F
D,a,v,i,d, ,R,o,b,i,n,s,o,n
C
G,l,e,n,n, ,R,o,b,i,n,s,o,n
S,F
J,a,m,e,s, ,R,o,b,i,n,s,o,n
G
R,u,m,e,a,l, ,R,o,b,i,n,s,o,n
P,G
D,e,n,n,i,s, ,R,o,d,m,a,n
P,F
L,o,u, ,R,o,e
F
C,a,r,l,o,s, ,R,o,g,e,r,s
F,C
R,o,y, ,R,o,g,e,r,s,",", ,J,r,.
F
R,o,d,n,e,y, ,R,o,g,e,r,s
F
S,e,a,n, ,R,o,o,k,s
C
J,a,l,e,n, ,R,o,s,e
G
M,a,l,i,k, ,R,o,s,e
F
D,o,n,a,l,d, ,R,o,y,a,l
P,F
C,l,i,f,f,o,r,d, ,R,o,z,i,e,r
F,C
B,r,y,o,n, ,R,u,s,s,e,l,l
S,G
A,r,v,y,d,a,s, ,S,a,b,o,n,i,s
C
K,e,v,i,n, ,S,a,l,v,a,d,o,r,i
C
J,a,s,o,n, ,S,a,s,s,e,r
F
D,a,n,n,y, ,S,c,h,a,y,e,s
C
S,t,e,v,e, ,S,c,h,e,f,f,l,e,r
F
D,w,a,y,n,e, ,S,c,h,i,n,t,z,i,u,s
C
D,e,t,l,e,f, ,S,c,h,r,e,m,p,f
S,F
B,r,e,n,t, ,S,c,o,t,t
P,F
B,y,r,o,n, ,S,c,o,t,t
S,G
D,e,n,n,i,s, ,S,c,o,t,t
S,F
J,a,m,e,s, ,S,c,o,t,t
F
S,h,a,w,n,e,l,l,e, ,S,c,o,t,t
C
M,a,l,i,k, ,S,e,a,l,y
G
R,o,n,y, ,S,e,i,k,a,l,y
C
B,r,i,a,n, ,S,h,a,w
P,G
L,i,o,n,e,l, ,S,i,m,m,o,n,s
S,F
D,i,c,k,e,y, ,S,i,m,p,k,i,n,s
P,F
R,e,g,g,i,e, ,S,l,a,t,e,r
F
C,h,a,r,l,e,s, ,D,a,n,i,e,l, ,S,m,i,t,h
P,F
J,o,e, ,S,m,i,t,h
F
K,e,n,n,y, ,S,m,i,t,h
P,G
M,i,c,h,a,e,l, ,S,m,i,t,h
F
S,t,e,v,e, ,S,m,i,t,h
S,G
S,t,e,v,i,n, ,S,m,i,t,h
S,G
T,o,n,y, ,S,m,i,t,h
G
R,i,k, ,S,m,i,t,s
C
E,r,i,c, ,S,n,o,w
G
E,l,m,o,r,e, ,S,p,e,n,c,e,r
C
F,e,l,t,o,n, ,S,p,e,n,c,e,r
C
L,a,t,r,e,l,l, ,S,p,r,e,w,e,l,l
S,G
J,e,r,r,y, ,S,t,a,c,k,h,o,u,s,e
S,F
J,o,h,n, ,S,t,a,r,k,s
S,G
M,a,t,t, ,S,t,e,i,g,e,n,g,a
F
J,o,e, ,S,t,e,p,h,e,n,s
F
L,a,r,r,y, ,S,t,e,w,a,r,t
P,F
B,r,y,a,n,t, ,S,t,i,t,h
S,G
J,o,h,n, ,S,t,o,c,k,t,o,n
P,G
D,a,m,o,n, ,S,t,o,u,d,a,m,i,r,e
G
E,r,i,c,k, ,S,t,r,i,c,k,l,a,n,d
G
M,a,r,k, ,S,t,r,i,c,k,l,a,n,d
P,F
R,o,d, ,S,t,r,i,c,k,l,a,n,d
P,G
D,e,r,e,k, ,S,t,r,o,n,g
F
B,o,b, ,S,u,r,a
G
B,r,e,t,t, ,S,z,a,b,o
C
Z,a,n, ,T,a,b,a,k
C
C,a,r,l, ,T,h,o,m,a,s
G
K,u,r,t, ,T,h,o,m,a,s
F,C
B,r,o,o,k,s, ,T,h,o,m,p,s,o,n
G
L,a,S,a,l,l,e, ,T,h,o,m,p,s,o,n
C
O,t,i,s, ,T,h,o,r,p,e
P,F
S,e,d,a,l,e, ,T,h,r,e,a,t,t
S,G
W,a,y,m,a,n, ,T,i,s,d,a,l,e
P,F
K,e,i,t,h, ,T,o,w,e,r
F,C
G,a,r,y, ,T,r,e,n,t
P,F
N,i,c,k, ,V,a,n, ,E,x,e,l
P,G
D,a,v,i,d, ,V,a,u,g,h,n
F
L,o,y, ,V,a,u,g,h,t
P,F
S,t,o,j,k,o, ,V,r,a,n,k,o,v,i,c
C
A,n,t,o,i,n,e, ,W,a,l,k,e,r
F
S,a,m,a,k,i, ,W,a,l,k,e,r
P,F
B,e,n, ,W,a,l,l,a,c,e
F,C
J,o,h,n, ,W,a,l,l,a,c,e
P,F
R,a,s,h,e,e,d, ,W,a,l,l,a,c,e
F,C
R,e,x, ,W,a,l,t,e,r,s
G
C,h,a,r,l,i,e, ,W,a,r,d
G
J,a,m,i,e, ,W,a,t,s,o,n
F
C,l,a,r,e,n,c,e, ,W,e,a,t,h,e,r,s,p,o,o,n
P,F
C,h,r,i,s, ,W,e,b,b,e,r
F,-,C
B,i,l,l, ,W,e,n,n,i,n,g,t,o,n
C
R,o,b,e,r,t, ,W,e,r,d,a,n,n
C
D,a,v,i,d, ,W,e,s,l,e,y
G
D,o,u,g, ,W,e,s,t
G,-,F
M,a,r,k, ,W,e,s,t
C
E,n,n,i,s, ,W,h,a,t,l,e,y
S,G
D,o,n,a,l,d, ,W,h,i,t,e,s,i,d,e
G
C,h,r,i,s, ,W,h,i,t,n,e,y
P,G
D,o,m,i,n,i,q,u,e, ,W,i,l,k,i,n,s
S,F
G,e,r,a,l,d, ,W,i,l,k,i,n,s
S,G
A,a,r,o,n, ,W,i,l,l,i,a,m,s
F,-,C
B,u,c,k, ,W,i,l,l,i,a,m,s
P,F
E,r,i,c, ,W,i,l,l,i,a,m,s
F
H,e,r,b, ,W,i,l,l,i,a,m,s
C
H,o,t, ,R,o,d, ,W,i,l,l,i,a,m,s
F,C
J,a,y,s,o,n, ,W,i,l,l,i,a,m,s
F,C
J,e,r,o,m,e, ,W,i,l,l,i,a,m,s
P,F
L,o,r,e,n,z,o, ,W,i,l,l,i,a,m,s
F
M,o,n,t,y, ,W,i,l,l,i,a,m,s
S,F
R,e,g,g,i,e, ,W,i,l,l,i,a,m,s
G,F
S,c,o,t,t, ,W,i,l,l,i,a,m,s
F,C
W,a,l,t, ,W,i,l,l,i,a,m,s
S,F
C,o,r,l,i,s,s, ,W,i,l,l,i,a,m,s,o,n
F
K,e,v,i,n, ,W,i,l,l,i,s
C
D,a,v,i,d, ,W,i,n,g,a,t,e
G,F
D,o,n,t,o,n,i,o, ,W,i,n,g,f,i,e,l,d
F
J,o,e, ,W,o,l,f
C
D,a,v,i,d, ,W,o,o,d
P,F
H,a,y,w,o,o,d,e, ,W,o,r,k,m,a,n
G
L,o,r,e,n,z,e,n, ,W,r,i,g,h,t
F,-,C
S,h,a,r,o,n,e, ,W,r,i,g,h,t
P,F
G,e,o,r,g,e, ,Z,i,d,e,k
C
