Mahmoud Abdul-Rauf,PG
Michael Adams,PG
Rafael Addison,SF
Cory Alexander,G
Jerome Allen,G
Derrick Alston,FC
John Amaechi,C
Andrew Amaya,F
Cadillac Anderson,PF
Kenny Anderson,PG
Nick Anderson,GF
Willie Anderson,SF
Greg Anthony,PG
B.J. Armstrong,G
Darrell Armstrong,PG
Vincent Askew,GF
Keith Askins,F
Stacey Augmon,SF
Anthony Avent,F
Vin Baker,PF
Steve Bardo,SG
Charles Barkley,PF
Dana Barros,PG
Brent Barry,G
Jon Barry,SG
Corey Beck,G
Benoit Benjamin,C
Elmer Bennett,PG
Mario Bennett,C-F
David Benoit,F
Travis Best,PG
Mookie Blaylock,PG
Corie Blount,PF
Muggsy Bogues,PG
Anthony Bonner,F
Melvin Booker,G
Anthony Bowie,GF
Donnie Boyce,SF
Shawn Bradley,C
Marques Bragg,PF
Terrell Brandon,PG
Tim Breaux,F
Frank Brickowski,PF
Scott Brooks,PG
Chucky Brown,SF
Dee Brown,PG
Mike Brown,PF
P.J. Brown,C
Randy Brown,PG
Mark Bryant,PF
Jud Buechler,SF
Matt Bullard,PF
Scott Burrell,G-F
Junior Burrough,PF
Mitchell Butler,SG
Jason Caffey,PF
Michael Cage,PF
Adrian Caldwell,PF
Elden Campbell,FC
Antoine Carr,PF
Chris Carr,G
Sam Cassell,G
Duane Causwell,C
Cedric Ceballos,SF
Rex Chapman,SG
Calbert Cheaney,GF
Pete Chilcutt,F
Randolph Childress,SG
Chris Childs,SG
Doug Christie,SG
Robert Churchwell,GF
Charles Claxton,C
John Coker,C
Derrick Coleman,FC
Bimbo Coles,SG
Marty Conlon,F-C
Anthony Cook,FC
Tyrone Corbin,F
Joe Courtney,PF
John Crotty,PG
Terry Cummings,PF
Dell Curry,SG
Michael Curry,F-G
Rastko Cvetkovic,C
Sasha Danilovic,SF
Yinka Dare,C
Antonio Davis,FC
Dale Davis,C-F
Hubert Davis,SF
Mark Davis,G-F
Terry Davis,F
Todd Day,GF
Andrew DeClercq,C
Terry Dehere,SG
Vinny Del Negro,SG
Bison Dele,C
Dell Demps,G
Vlade Divac,C
Sherman Douglas,PG
Clyde Drexler,SG
Kevin Duckworth,C
Chris Dudley,C
Joe Dumars,SG
Richard Dumas,SF
Tony Dumas,F
Ledell Eackles,SG
Acie Earl,PF
Tyus Edney,PG
Blue Edwards,SG
Doug Edwards,F
James Edwards,C
Kevin Edwards,PG
Craig Ehlo,SG
Howard Eisley,G
Mario Elie,SG
Sean Elliott,SF
Dale Ellis,GF
LaPhonso Ellis,PF
LeRon Ellis,C
Pervis Ellison,C
Vincenzo Esposito,SG
Patrick Ewing,C
Duane Ferrell,F
Danny Ferry,PF
Michael Finley,G-F
Matt Fish,PF
Vern Fleming,G
Sherell Ford,F
Greg Foster,C
Rick Fox,SF
Kevin Gamble,SF
Kevin Garnett,PF
Chris Gatling,PF
Kenny Gattison,FC
Matt Geiger,C
Kendall Gill,SG
Armen Gilliam,PF
Gerald Glass,F
Anthony Goldwire,G
Greg Graham,G
Ronnie Grandison,F
Brian Grant,PF
Gary Grant,G
Greg Grant,PG
Harvey Grant,F
Horace Grant,PF
A.C. Green,PF
Tom Gugliotta,PF
Jack Haley,FC
Thomas Hamilton,C
Geert Hammink,C
Tom Hammonds,PF
Darrin Hancock,F
Penny Hardaway,PG
Tim Hardaway,PG
Derek Harper,PG
Ron Harper,SG
Lucious Harris,SG
Antonio Harvey,C
Hersey Hawkins,SG
Alvin Heggs,PF
Alan Henderson,F-C
Carl Herrera,F
Sean Higgins,F
Grant Hill,SF
Tyrone Hill,PF
Donald Hodge,C
Fred Hoiberg,G
Jeff Hornacek,SG
Robert Horry,PF
Allan Houston,G
Byron Houston,F
Juwan Howard,PF
Lindsey Hunter,G
Bobby Hurley,G
Jaren Jackson,SG
Jim Jackson,SG
Mark Jackson,PG
Henry James,PF
Avery Johnson,PG
Darryl Johnson,PG
Eddie Johnson,SF
Ervin Johnson,C
Kevin Johnson,PG
Larry Johnson,F
Magic Johnson,PG
Charles A. Jones,FC
Eddie Jones,G-F
Popeye Jones,PF
Michael Jordan,SG
Reggie Jordan,G
Adam Keefe,F
Shawn Kemp,C
Tim Kempton,FC
Steve Kerr,SG
Jerome Kersey,PF
Randolph Keys,F
Jason Kidd,PG
Chris King,F
Frankie King,G
Jimmy King,GF
Stacey King,PF
Joe Kleine,C
Jon Koncak,C
Toni Kukoc,SF
Christian Laettner,PF
Andrew Lang,C
Antonio Lang,G-F
Eric Leckner,FC
Tim Legler,G
Voshon Lenard,SG
Cedric Lewis,PF
Martin Lewis,F
Alton Lister,FC
Brad Lohaus,FC
Grant Long,PF
Luc Longley,C
George Lynch,SF
Don MacLean,PF
Sam Mack,SF
Mark Macon,SG
Rick Mahorn,C
Dan Majerle,SG
Jeff Malone,SG
Karl Malone,PF
Danny Manning,F
Rich Manning,C
Sarunas Marciulionis,GF
Donny Marshall,SF
Donyell Marshall,F
Cuonzo Martin,G-F
Darrick Martin,G
Jamal Mashburn,SF
Anthony Mason,PF
Tony Massenburg,PF
Vernon Maxwell,G
Lee Mayberry,G
Bob McCann,SF
George McCloud,SF
Clint McDaniel,SG
Antonio McDyess,F
Jim McIlvaine,C
Derrick McKey,SF
Aaron McKie,G
Nate McMillan,GF
Loren Meyer,F-C
Oliver Miller,C
Pig Miller,F
Reggie Miller,SG
Chris Mills,SF
Terry Mills,PF
Harold Miner,SG
Greg Minor,F
Sam Mitchell,SF
Eric Mobley,F-C
Eric Montross,C
Tracy Moore,SG
Chris Morris,SF
Lawrence Moten,G
Alonzo Mourning,C
Chris Mullin,SF
Todd Mundt,C
Eric Murdock,G
George Muresan,C
Lamond Murray,SF
Tracy Murray,F
Dikembe Mutombo,C
Pete Myers,GF
Howard Nathan,PG
Johnny Newman,SF
Ken Norman,F
Ed O'Bannon,F
Shaquille O'Neal,C
Dan O'Sullivan,C
Charles Oakley,PF
Hakeem Olajuwon,C
Greg Ostertag,C
Bo Outlaw,F
Doug Overton,SG
Billy Owens,SF
Robert Pack,SG
Robert Parish,C
Cherokee Parks,C
Gary Payton,G
Anthony Peeler,G
Mike Peplowski,C
Will Perdue,C
Sam Perkins,PF
Elliot Perry,PG
Tim Perry,FC
Chuck Person,SF
Wesley Person,SG
Bobby Phills,SG
Eric Piatkowski,G-F
Ricky Pierce,SG
Ed Pinckney,F
Scottie Pippen,SF
Olden Polynice,C
Terry Porter,PG
Brent Price,PG
Mark Price,PG
Kevin Pritchard,G
Dino Radja,PF
Theo Ratliff,C
Eldridge Recasner,SG
Bryant Reeves,C
Khalid Reeves,G
Don Reid,PF
J.R. Reid,PF
Terrence Rencher,G
Shawn Respert,G
Jerry Reynolds,PF
Glen Rice,SF
Pooh Richardson,PG
Mitch Richmond,SG
J.R. Rider,SG
Eric Riley,C
Doc Rivers,G
Fred Roberts,FC
Stanley Roberts,C
Alvin Robertson,SG
Cliff Robinson,PF
David Robinson,C
Glenn Robinson,SF
James Robinson,G
Rumeal Robinson,PG
Dennis Rodman,PF
Lou Roe,F
Carlos Rogers,FC
Rodney Rogers,F
Sean Rooks,C
Jalen Rose,G
Donald Royal,PF
Clifford Rozier,FC
Trevor Ruffin,G
Stefano Rusconi,C
Bryon Russell,SG
Arvydas Sabonis,C
John Salley,C
Danny Schayes,C
Steve Scheffler,F
Dwayne Schintzius,C
Detlef Schrempf,SF
Byron Scott,SG
Dennis Scott,SF
Malik Sealy,G
Rony Seikaly,C
Brian Shaw,PG
Lionel Simmons,SF
Dickey Simpkins,PF
Scott Skiles,PG
Reggie Slater,F
Charles Daniel Smith,PF
Charles Edward Smith,G
Doug Smith,F-C
Joe Smith,F
Kenny Smith,PG
Michael Smith,F
Steve Smith,SG
Tony Smith,G
Rik Smits,C
Eric Snow,G
Elmore Spencer,C
Felton Spencer,C
Latrell Sprewell,SG
Jerry Stackhouse,SF
John Starks,SG
Bryant Stith,SG
John Stockton,PG
Damon Stoudamire,G
Rod Strickland,PG
Derek Strong,F
Bob Sura,G
Greg Sutton,G
Larry Sykes,PF
Zan Tabak,C
Kurt Thomas,FC
Brooks Thompson,G
LaSalle Thompson,C
Bob Thornton,C
Otis Thorpe,PF
Sedale Threatt,SG
Wayman Tisdale,PF
Andy Toolson,GF
Keith Tower,FC
Gary Trent,PF
Jeff Turner,FC
Nick Van Exel,PG
Logan Vander Velden,PF
David Vaughn,F
Loy Vaught,PF
Rasheed Wallace,FC
Rex Walters,G
Charlie Ward,G
Jamie Watson,F
Clarence Weatherspoon,PF
Spud Webb,G
Chris Webber,F-C
Jeff Webster,F
Bill Wennington,C
Robert Werdann,C
David Wesley,G
Doug West,G-F
Mark West,C
Dwayne Whitfield,F
Chris Whitney,PG
Gerald Wilkins,SG
Buck Williams,PF
Eric Williams,F
Herb Williams,C
Hot Rod Williams,FC
Jayson Williams,FC
Lorenzo Williams,F
Micheal Williams,PG
Monty Williams,SF
Reggie Williams,GF
Scott Williams,FC
Walt Williams,SF
Corliss Williamson,F
Kevin Willis,C
Trevor Wilson,F
David Wingate,GF
Dontonio Wingfield,F
Joe Wolf,C
David Wood,PF
Randy Woods,G
Haywoode Workman,G
Sharone Wright,PF
George Zidek,C
